&quot;1&quot;;&quot;Test&quot;;&quot;test&quot;;NULL;NULL
&quot;1&quot;;&quot;1&quot;;&quot;Tablet&quot;;&quot;Lorem ipsum dolor sit amet, consectetur adipiscing elit. Proin tortor nulla, blandit vel ornare quis, suscipit vel magna.Aenean ultrices, metus eu auctor dapibus, quam libero interdum metus, consectetur fringilla justo augue vel sapien. Nulla facilisi. Aenean ultrices, metus eu auctor dapibus, quam libero interdum metus, consectetur fringilla&quot;;&quot;0&quot;;NULL;NULL
&quot;2&quot;;&quot;4&quot;;&quot;TV&quot;;&quot;I'm looking for a new TV, preferably 42" or larger, 1080p. Not in the market for anything 3D. I would like something that I can connect a surround sound system to.&quot;;&quot;0&quot;;&quot;1366660285&quot;;&quot;1366660285&quot;
&quot;4&quot;;&quot;6&quot;;&quot;stroller2&quot;;&quot;yep..&quot;;&quot;0&quot;;&quot;1366689757&quot;;&quot;1366689757&quot;
&quot;5&quot;;&quot;5&quot;;&quot;New TV&quot;;&quot;32" HDTV with HDMI inputs&quot;;&quot;2&quot;;&quot;1367231698&quot;;&quot;1368368122&quot;
&quot;7&quot;;&quot;7&quot;;&quot;Stroller&quot;;&quot;I need this by this and this date.. please help&quot;;&quot;0&quot;;&quot;1367288967&quot;;&quot;1367288967&quot;
&quot;8&quot;;&quot;7&quot;;&quot;TV&quot;;&quot;I'm looking for a new TV, preferably 42" or larger, 1080p. Not in the market for anything 3D. I would like something that I can connect a surround sound system to.&quot;;&quot;0&quot;;NULL;NULL
&quot;9&quot;;&quot;4&quot;;&quot;Honda CRX Seats&quot;;&quot;Looking for two new seats for my 1988 Honda CRX.&quot;;&quot;3&quot;;&quot;1367309741&quot;;&quot;1368233099&quot;
&quot;11&quot;;&quot;5&quot;;&quot;new women's shoes&quot;;&quot;new women's shoes&quot;;&quot;0&quot;;&quot;1367428862&quot;;&quot;1367795811&quot;
&quot;14&quot;;&quot;5&quot;;&quot;Test run #1&quot;;&quot;testing this feature&quot;;&quot;1&quot;;&quot;1367795849&quot;;&quot;1368236319&quot;
&quot;18&quot;;&quot;5&quot;;&quot;Chalkboard&quot;;&quot;A chalkboard for the kitchen&quot;;&quot;1&quot;;&quot;1368392855&quot;;&quot;1368392855&quot;
&quot;19&quot;;&quot;5&quot;;&quot;Computer&quot;;&quot;Mac, small light and powerful&quot;;&quot;2&quot;;&quot;1368460854&quot;;&quot;1368460854&quot;
&quot;20&quot;;&quot;8&quot;;&quot;blender&quot;;&quot;must crush, mash, and muddle&quot;;&quot;2&quot;;&quot;1368468306&quot;;&quot;1368468306&quot;
&quot;23&quot;;&quot;5&quot;;&quot;4&quot;;&quot;Hey Kyle!&quot;;&quot;1367462402&quot;;&quot;1367462402&quot;
&quot;24&quot;;&quot;5&quot;;&quot;4&quot;;&quot;New comment&quot;;&quot;1367535820&quot;;&quot;1367535820&quot;
&quot;25&quot;;&quot;14&quot;;&quot;5&quot;;&quot;Checking updating chat&quot;;&quot;1367796281&quot;;&quot;1367796281&quot;
&quot;26&quot;;&quot;9&quot;;&quot;4&quot;;&quot;Message&quot;;&quot;1367806007&quot;;&quot;1367806007&quot;
&quot;27&quot;;&quot;9&quot;;&quot;7&quot;;&quot;hello testing this message.. longer message.. message&quot;;&quot;1367806554&quot;;&quot;1367806554&quot;
&quot;28&quot;;&quot;8&quot;;&quot;7&quot;;&quot;hello world
&quot;;&quot;1368230401&quot;;&quot;1368230401&quot;
&quot;29&quot;;&quot;8&quot;;&quot;4&quot;;&quot;Hey, pretty cool!&quot;;&quot;1368230827&quot;;&quot;1368230827&quot;
&quot;30&quot;;&quot;8&quot;;&quot;4&quot;;&quot;Looking good!&quot;;&quot;1368230833&quot;;&quot;1368230833&quot;
&quot;31&quot;;&quot;9&quot;;&quot;5&quot;;&quot;testing this message&quot;;&quot;1368233890&quot;;&quot;1368233890&quot;
&quot;32&quot;;&quot;12&quot;;&quot;5&quot;;&quot;I would like to buy a&quot;;&quot;1368267885&quot;;&quot;1368267885&quot;
&quot;33&quot;;&quot;5&quot;;&quot;5&quot;;&quot;New comment&quot;;&quot;1368381236&quot;;&quot;1368381236&quot;
&quot;34&quot;;&quot;8&quot;;&quot;7&quot;;&quot;testing another message&quot;;&quot;1368384190&quot;;&quot;1368384190&quot;
&quot;35&quot;;&quot;18&quot;;&quot;5&quot;;&quot;this is a comment&quot;;&quot;1368463808&quot;;&quot;1368463808&quot;
&quot;36&quot;;&quot;5&quot;;&quot;5&quot;;&quot;THis is a really long commen t. .,mn ;asdjf;lkjasdpn  i jl;kn n opin pon poin poin poin opin poin oin poin poin poin opin poin opin oin opin&quot;;&quot;1368464038&quot;;&quot;1368464038&quot;
&quot;1&quot;;&quot;1&quot;;&quot;3&quot;;&quot;description_here&quot;;NULL;NULL
&quot;2&quot;;&quot;2&quot;;&quot;8&quot;;&quot;description&quot;;NULL;NULL
&quot;3&quot;;&quot;2&quot;;&quot;13&quot;;NULL;&quot;1367215425&quot;;&quot;1367215425&quot;
&quot;4&quot;;&quot;2&quot;;&quot;14&quot;;NULL;&quot;1367215603&quot;;&quot;1367215603&quot;
&quot;5&quot;;&quot;8&quot;;&quot;21&quot;;NULL;&quot;1367267100&quot;;&quot;1367267100&quot;
&quot;6&quot;;&quot;2&quot;;&quot;22&quot;;NULL;&quot;1367298148&quot;;&quot;1367298148&quot;
&quot;7&quot;;&quot;9&quot;;&quot;23&quot;;NULL;&quot;1367309757&quot;;&quot;1367309757&quot;
&quot;8&quot;;&quot;5&quot;;&quot;24&quot;;NULL;&quot;1367340722&quot;;&quot;1367340722&quot;
&quot;9&quot;;&quot;5&quot;;&quot;25&quot;;NULL;&quot;1367342346&quot;;&quot;1367342346&quot;
&quot;11&quot;;&quot;10&quot;;&quot;27&quot;;NULL;&quot;1367359747&quot;;&quot;1367359747&quot;
&quot;12&quot;;&quot;5&quot;;&quot;28&quot;;NULL;&quot;1367380017&quot;;&quot;1367380017&quot;
&quot;13&quot;;&quot;5&quot;;&quot;29&quot;;NULL;&quot;1367380187&quot;;&quot;1367380187&quot;
&quot;14&quot;;&quot;11&quot;;&quot;30&quot;;NULL;&quot;1367429051&quot;;&quot;1367429051&quot;
&quot;15&quot;;&quot;11&quot;;&quot;31&quot;;NULL;&quot;1367507589&quot;;&quot;1367507589&quot;
&quot;16&quot;;&quot;11&quot;;&quot;32&quot;;NULL;&quot;1367526094&quot;;&quot;1367526094&quot;
&quot;17&quot;;&quot;5&quot;;&quot;33&quot;;NULL;&quot;1367527738&quot;;&quot;1367527738&quot;
&quot;18&quot;;&quot;9&quot;;&quot;34&quot;;NULL;&quot;1367531621&quot;;&quot;1367531621&quot;
&quot;19&quot;;&quot;9&quot;;&quot;35&quot;;NULL;&quot;1367533368&quot;;&quot;1367533368&quot;
&quot;20&quot;;&quot;9&quot;;&quot;40&quot;;NULL;&quot;1367664425&quot;;&quot;1367664425&quot;
&quot;21&quot;;&quot;9&quot;;&quot;45&quot;;NULL;&quot;1367665262&quot;;&quot;1367665262&quot;
&quot;22&quot;;&quot;9&quot;;&quot;47&quot;;NULL;&quot;1367665975&quot;;&quot;1367665975&quot;
&quot;24&quot;;&quot;14&quot;;&quot;61&quot;;NULL;&quot;1367881763&quot;;&quot;1367881763&quot;
&quot;25&quot;;&quot;9&quot;;&quot;62&quot;;NULL;&quot;1367972895&quot;;&quot;1367972895&quot;
&quot;26&quot;;&quot;14&quot;;&quot;63&quot;;NULL;&quot;1368018992&quot;;&quot;1368018992&quot;
&quot;27&quot;;&quot;14&quot;;&quot;64&quot;;NULL;&quot;1368212961&quot;;&quot;1368212961&quot;
&quot;28&quot;;&quot;14&quot;;&quot;65&quot;;NULL;&quot;1368223228&quot;;&quot;1368223228&quot;
&quot;29&quot;;&quot;12&quot;;&quot;66&quot;;NULL;&quot;1368234460&quot;;&quot;1368234460&quot;
&quot;30&quot;;&quot;12&quot;;&quot;67&quot;;NULL;&quot;1368287619&quot;;&quot;1368287619&quot;
&quot;31&quot;;&quot;14&quot;;&quot;68&quot;;NULL;&quot;1368378473&quot;;&quot;1368378473&quot;
&quot;5&quot;;&quot;7&quot;;&quot;4&quot;;&quot;This!&quot;;&quot;1367797021&quot;;&quot;1367797021&quot;
&quot;6&quot;;&quot;8&quot;;&quot;5&quot;;&quot;hello this is a comment&quot;;&quot;1367797052&quot;;&quot;1367797052&quot;
&quot;7&quot;;&quot;8&quot;;&quot;5&quot;;&quot;this is another comment&quot;;&quot;1367797072&quot;;&quot;1367797072&quot;
&quot;8&quot;;&quot;8&quot;;&quot;4&quot;;&quot;I like this!&quot;;&quot;1367797335&quot;;&quot;1367797335&quot;
&quot;9&quot;;&quot;7&quot;;&quot;7&quot;;&quot;hello&quot;;&quot;1367806072&quot;;&quot;1367806072&quot;
&quot;10&quot;;&quot;24&quot;;&quot;5&quot;;&quot;asd;lfjasd;fjl&quot;;&quot;1367882606&quot;;&quot;1367882606&quot;
&quot;11&quot;;&quot;24&quot;;&quot;5&quot;;&quot;this is great&quot;;&quot;1367882611&quot;;&quot;1367882611&quot;
&quot;12&quot;;&quot;5&quot;;&quot;7&quot;;&quot;I think this TV is really awesome! Especially since a new one will be out the following week!&quot;;&quot;1368070390&quot;;&quot;1368070390&quot;
&quot;13&quot;;&quot;5&quot;;&quot;7&quot;;&quot;Did you check out the other cool TV?  It offers even better resolution - like you can even tell!&quot;;&quot;1368073702&quot;;&quot;1368073702&quot;
&quot;14&quot;;&quot;23&quot;;&quot;5&quot;;&quot;Comment number 1&quot;;&quot;1368267893&quot;;&quot;1368267893&quot;
&quot;15&quot;;&quot;23&quot;;&quot;5&quot;;&quot;This is the best chair I've ever seen and thanks for picking htis al;ksjdf;laksjdf;lkasjdf;lkajsdf;lajksdf;lajksdf&quot;;&quot;1368287154&quot;;&quot;1368287154&quot;
&quot;5&quot;;&quot;2&quot;;&quot;4&quot;;&quot;1&quot;;&quot;1366797532&quot;;&quot;1366797532&quot;
&quot;6&quot;;&quot;3&quot;;&quot;4&quot;;&quot;0&quot;;&quot;1367266669&quot;;&quot;1367266669&quot;
&quot;7&quot;;&quot;5&quot;;&quot;4&quot;;&quot;1&quot;;&quot;1367267113&quot;;&quot;1367267113&quot;
&quot;8&quot;;&quot;5&quot;;&quot;7&quot;;&quot;1&quot;;&quot;1367293890&quot;;&quot;1367293890&quot;
&quot;9&quot;;&quot;6&quot;;&quot;4&quot;;&quot;1&quot;;&quot;1367298180&quot;;&quot;1367298180&quot;
&quot;10&quot;;&quot;7&quot;;&quot;4&quot;;&quot;1&quot;;&quot;1367311054&quot;;&quot;1367311054&quot;
&quot;11&quot;;&quot;8&quot;;&quot;5&quot;;&quot;1&quot;;&quot;1367341305&quot;;&quot;1367341305&quot;
&quot;12&quot;;&quot;10&quot;;&quot;5&quot;;&quot;1&quot;;&quot;1367354635&quot;;&quot;1367354635&quot;
&quot;13&quot;;&quot;14&quot;;&quot;5&quot;;&quot;1&quot;;&quot;1367429079&quot;;&quot;1367429079&quot;
&quot;14&quot;;&quot;9&quot;;&quot;4&quot;;&quot;1&quot;;&quot;1367462463&quot;;&quot;1367462463&quot;
&quot;15&quot;;&quot;12&quot;;&quot;4&quot;;&quot;0&quot;;&quot;1367465517&quot;;&quot;1367465517&quot;
&quot;16&quot;;&quot;15&quot;;&quot;5&quot;;&quot;1&quot;;&quot;1367507617&quot;;&quot;1367507617&quot;
&quot;17&quot;;&quot;22&quot;;&quot;4&quot;;&quot;1&quot;;&quot;1367796728&quot;;&quot;1367796728&quot;
&quot;18&quot;;&quot;8&quot;;&quot;4&quot;;&quot;1&quot;;&quot;1367806862&quot;;&quot;1367806862&quot;
&quot;19&quot;;&quot;18&quot;;&quot;4&quot;;&quot;0&quot;;&quot;1367820640&quot;;&quot;1367820640&quot;
&quot;20&quot;;&quot;24&quot;;&quot;5&quot;;&quot;1&quot;;&quot;1368236340&quot;;&quot;1368236340&quot;
&quot;app&quot;;&quot;default&quot;;&quot;001_auth_create_siteauth_users&quot;
&quot;6&quot;;&quot;4&quot;;NULL;&quot;LINSAY 7" Tablet w/ Google Android Jelly Bean 4.1 &quot;;&quot;LINSAY-7" Tablet w/ Google Android Jelly Bean 4.1-TPCF7HDUS-7" Capacitive Multi-Touch 800*480Google Android OS 4.1&nbsp;Jelly Bean2.0&nbsp;GHz Cortex A9512MB RAM4 GB Internal MemoryFront Web CameraG-SensorWi-Fi WIRELESS 802.11 B/G/N3.0 USB3.5mm Headphone jackBuilt-in MicrophoneBuilt in Stereo SpeakerMicro SD slot supports up to 128GB&quot;;&quot;www.sears.com&quot;;&quot;http://www.sears.com/linsay-7inch-tablet-w-google-android-os-ice/p-00340143000P?prdNo=6&blockNo=6&blockType=G6&quot;;NULL;NULL;NULL;NULL;NULL;NULL;NULL;&quot;1366614544&quot;;&quot;1366614544&quot;
&quot;7&quot;;&quot;4&quot;;NULL;&quot;Apple Ipad Mini Wi-Fi - Tablet - Ios 6 - 64 Gb - 7&quot;;&quot;? Environmental Parameters? Min Operating Temperature 32 degree F? Max Operating Temperature 95 degree F? Humidity Range Operating 5 - 95% (non-con...&quot;;&quot;www.sears.com&quot;;&quot;http://www.sears.com/apple-ipad-mini-wi-fi-tablet-ios-6/p-SPM7550510810?prdNo=20&blockNo=20&blockType=G20&quot;;NULL;NULL;NULL;NULL;NULL;NULL;NULL;&quot;1366625624&quot;;&quot;1366625624&quot;
&quot;8&quot;;&quot;4&quot;;NULL;&quot;Panasonic 42" Class Smart Viera® 1080p 120Hz LED H&quot;;&quot;Panasonic-42" Class Smart Viera&reg; 1080p 120Hz LED HDTV - TC-L42E60-TC-L42E60-Panasonic TC L42E60 - 42" VIERA E60 Series LED-backlit LCD TV - Smart TV - 1080p (FullHD)&quot;;&quot;www.sears.com&quot;;&quot;http://www.sears.com/panasonic-42inch-class-smart-viera-reg-120hz-led-hdtv/p-05771524000P?prdNo=2&blockNo=2&blockType=G2&quot;;NULL;NULL;NULL;NULL;NULL;NULL;NULL;&quot;1366660644&quot;;&quot;1366660644&quot;
&quot;9&quot;;&quot;4&quot;;NULL;&quot;LG 42" Class 1080p 120Hz LED HDTV - 42LN5400 ENERG&quot;;&quot;LG-42" Class 1080p 120Hz LED HDTV - 42LN5400-42LN5400-LG 42LN5400 - 42" Class ( 41.9" viewable ) LED-backlit LCD TV - 1080p (FullHD) - direct-lit LED&quot;;&quot;www.sears.com&quot;;&quot;http://www.sears.com/lg-42inch-class-1080p-120hz-led-hdtv-42ln5400/p-05771832000P?prdNo=7&blockNo=7&blockType=G7&quot;;NULL;NULL;NULL;NULL;NULL;NULL;NULL;&quot;1366756071&quot;;&quot;1366756071&quot;
&quot;10&quot;;&quot;5&quot;;NULL;&quot;Apple® - iPad® 2 with Wi-Fi - 16GB - Black - MC769&quot;;&quot;APPLE 16GB iPad with Wi-Fi: 9.7 inch widescreen display; 802.11a/b/g/n Wi-Fi; Bluetooth; iBooks support&quot;;&quot;bestbuy.com&quot;;&quot;http://www.bestbuy.com/site/Apple%26%23174%3B+-+iPad%AE+2+with+Wi-Fi+-+16GB+-+Black/1945531.p?id=1218303031896&skuId=1945531&quot;;NULL;NULL;NULL;NULL;NULL;NULL;NULL;&quot;1366814872&quot;;&quot;1366814872&quot;
&quot;11&quot;;&quot;5&quot;;NULL;&quot;Barska 4" x 6" Steel Photo Frame CB11808 - Best Bu&quot;;&quot;BARSKA 4" x 6" Steel Photo Frame: Steel construction; 10 concealed key hooks; magnetic lock&quot;;&quot;www.bestbuy.com&quot;;&quot;http://www.bestbuy.com/site/Barska+-+4%26%2334%3B+x+6%26%2334%3B+Steel+Photo+Frame/6937291.p?id=1218815255740&skuId=6937291&quot;;NULL;NULL;NULL;NULL;NULL;NULL;NULL;&quot;1366848181&quot;;&quot;1366848181&quot;
&quot;12&quot;;&quot;5&quot;;NULL;&quot;Kesey 7-Piece Dining Set: Up Your Patio's Elegance&quot;;&quot;Ty Pennington Style-Kesey 7 Piece Dining Set-AS-K-233ASET- The Kesey 7-Piece Dining Set Adds a Touch of Class to Your Patio  Enjoy dining with friends and family with the Ty Pennington Kesey 7-piece dining set, which centers around a spacious rectangular table with a scratch-resistant ceramic tile tabletop, four stationary chairs and two action chairs. The set's modern, dark brown aluminum frame is rust-resistant, and the red polyester chairs are UV-protected to resist fading.   This spacious Kesey 7-piece dining set perfectly accents almost any outdoor living area. The two action chairs let you lounge comfortably, whether you're reading a book or enjoying your morning coffee, and the four stationary are just right for gathering around the table for a meal with friends and family. &quot;;&quot;www.sears.com&quot;;&quot;http://www.sears.com/ty-pennington-style-kesey-7-piece-dining-set/p-07125780000P?adCell=B5_ODLimage&adCell=WY&quot;;NULL;NULL;NULL;NULL;NULL;NULL;NULL;&quot;1367014055&quot;;&quot;1367014055&quot;
&quot;13&quot;;&quot;4&quot;;NULL;&quot;ASUS Asus Google Nexus 7 Tablet (16 GB) - Quad-cor&quot;;&quot;ASUS-Asus Google Nexus 7 Tablet (16 GB) - Quad-core Tegra 3 Processor, Android 4.1-NEXUS71B16N-Nexus 7 - The playground is open Simple. Beautiful. Beyond Smart.The Nexus brand represents a premium Android-based device that delivers the best Google experience available on tablet. It's the confluence of the latest software and state-of-the-art hardware and represents a literal nexus of digital life. Nexus 7 is Google's latest Nexus experience device and the first tablet to feature Android 4.1 Jelly Bean. It combines the best of both Google and ASUS design, with the most advanced software from Google paired with cutting edge ASUS hardware. Stunning 7 displayWith a vibrant 1280 x 800 high-definition display, Nexus 7 brings apps, games, books and movies to life. New ASUS TruVivid technology improves color clarity and brightness, while the IPS panel delivers crisp and detailed visuals with ultra-wide 178 degree viewing angles. Scratch-resistant Corning Fit Glass and a textured chassis design that prevents hand slippage ensure Nexus 7 is incredibly robust and meets the demands of consumers on the go. Designed with gaming in mindNexus 7 was created for mobile gamers. With an NVIDIA Tegra 3 quad-core processor, everything is faster ? pages load quickly, gameplay is smooth and responsive, and running multiple apps is a breeze. A 12-core GeForce GPU delivers advanced graphics while the patented 4-PLUS-1 CPU design gives you maximum performance when you need it and power efficiency when battery conservation is the priority. With heart-pounding quad-core performance, a responsive 10-finger multi-touch screen, plus gyroscope and accelerometer sensing, you can barrel roll, tilt, touch, and tap your way to the top of the leaderboards while exploring over 600,000 apps and games available on Google Play. The world's most popular platformNexus 7 is powered by Android 4.1 Jelly Bean, the latest version of the world's most popular mobile platform. With smarter notifications that let you respond quickly, beautiful new widgets that put your favorite con...&quot;;&quot;www.sears.com&quot;;&quot;http://www.sears.com/shc/s/p_10153_12605_SPM6517788605P&quot;;NULL;NULL;NULL;NULL;NULL;NULL;NULL;&quot;1367215425&quot;;&quot;1367215425&quot;
&quot;14&quot;;&quot;4&quot;;NULL;&quot;Kaser Net'sGo2 9" Android 4.0 Tablet Bundle with 8&quot;;&quot;Kaser-Net'sGo2 9" Android 4.0 Tablet Bundle with 84-key USB Keyboard & Pouch-YF732-8G-Kaser Net'sGo2 9" Tablet with 84 key USB keyboard as a pouch protection&quot;;&quot;www.sears.com&quot;;&quot;http://www.sears.com/shc/s/p_10153_12605_00340988000P?vName=Computers&cName=Tablets&eReaders&sName=Tabletsmv=rr&quot;;NULL;NULL;NULL;NULL;NULL;NULL;NULL;&quot;1367215603&quot;;&quot;1367215603&quot;
&quot;15&quot;;&quot;4&quot;;NULL;&quot;Samsung XE700T1A TAB I5/1.4 11.6 4GB 128GB W7P64 -&quot;;&quot;Samsung-XE700T1A TAB I5/1.4 11.6 4GB 128GB W7P64-XE700T1A-A09US-Samsung Series 7 Slate PC - Tablet - Windows 7 Professional 64-bit - 128 GB - 11.6" TFT ( 1366 x 768 ) - rear camera + front camera - microSD slot - Wi-Fi, Bluetooth - black&quot;;&quot;www.sears.com&quot;;&quot;http://www.sears.com/shc/s/p_10153_12605_00339070000P&quot;;NULL;NULL;NULL;NULL;NULL;NULL;NULL;&quot;1367215729&quot;;&quot;1367215729&quot;
&quot;16&quot;;&quot;5&quot;;NULL;&quot;BOB Revolution SE Stroller - Navy - BOB Trailers -&quot;;&quot;Buy BOB Revolution SE Stroller - Navy - With the latest innovative features, the BOB 2011 Revolution SE Stroller in Navy is perfect for any sport experience. From the zoo to the beach, zip through congested areas and around tight corners with the revolutionary swiveling front wheel or lock it in place for increased stability jogging or when the terrain turns tough. Easy-fold, lightweight design means this BOB is ready to stow, go or roll wherever life moves you. The state-of-the-art suspension ensures baby will have a smooth ride on the journey. If your little one is not quite ready for the roomy, comfortable seat, the Accessory Adapter feature quickly secures a BOB Infant Car Seat Adapter or Snack Tray when he's older. Also available in a Duallie two-seat model.The BOB 2011 Revolution SE Stroller - Navy features:The BOB 2011 Revolution SE Stroller's swiveling front wheel allows for superior maneuverability.  Locks forward for increased stability jogging or when the terrain turns tough.Easy, two-step folding, lightweight frame for convenient transport and storage.State-of-the-art, adjustable suspension system provides an exceptionally smooth ride.Accessory Adapter allows for quick and easy attachment of BOB Infant Car Seat Adapter or Snack Tray.Ultra-padded, adjustable reclining seat for enhanced seating comfort. Five-point padded harness keeps your child comfortably secure.&quot;;&quot;www.toysrus.com&quot;;&quot;http://www.toysrus.com/product/index.jsp?productId=10957922&quot;;NULL;NULL;NULL;NULL;NULL;NULL;NULL;&quot;1367233448&quot;;&quot;1367233448&quot;
&quot;17&quot;;&quot;4&quot;;NULL;&quot;LG 47" LED HDTV 47LS4500 ENERGY STAR® - TVs & Elec&quot;;&quot;LG-47" LED HDTV 47LS4500-47LS4500-LG 47LS4500 - 47" Class ( 46.9" viewable ) LS4500 Series LED-backlit LCD TV - 1080p (FullHD) - edge-lit&quot;;&quot;www.sears.com&quot;;&quot;http://www.sears.com/lg-47inch-led-hdtv-47ls4500/p-05771862000P?prdNo=1&blockNo=1&blockType=G1&quot;;NULL;NULL;NULL;NULL;NULL;NULL;NULL;&quot;1367266545&quot;;&quot;1367266545&quot;
&quot;20&quot;;&quot;4&quot;;NULL;&quot;LG 47" LED HDTV 47LS4500 ENERGY STAR® - TVs & Elec&quot;;&quot;LG-47" LED HDTV 47LS4500-47LS4500-LG 47LS4500 - 47" Class ( 46.9" viewable ) LS4500 Series LED-backlit LCD TV - 1080p (FullHD) - edge-lit&quot;;&quot;www.sears.com&quot;;&quot;http://www.sears.com/lg-47inch-led-hdtv-47ls4500/p-05771862000P?prdNo=1&blockNo=1&blockType=G1&quot;;NULL;NULL;NULL;NULL;NULL;NULL;NULL;&quot;1367267008&quot;;&quot;1367267008&quot;
&quot;21&quot;;&quot;7&quot;;NULL;&quot;LG 47" LED HDTV 47LS4500 ENERGY STAR® - TVs & Elec&quot;;&quot;LG-47" LED HDTV 47LS4500-47LS4500-LG 47LS4500 - 47" Class ( 46.9" viewable ) LS4500 Series LED-backlit LCD TV - 1080p (FullHD) - edge-lit&quot;;&quot;www.sears.com&quot;;&quot;http://www.sears.com/lg-47inch-led-hdtv-47ls4500/p-05771862000P?prdNo=1&blockNo=1&blockType=G1&quot;;NULL;NULL;NULL;NULL;NULL;NULL;NULL;&quot;1367267100&quot;;&quot;1367267100&quot;
&quot;22&quot;;&quot;4&quot;;NULL;&quot;AOC e2051Sn 20 Class Widescreen LED Backlit Monito&quot;;&quot;Buy the AOC 20" Wide 1600x900 LED Monitor, VGA at a super low price.  TigerDirect.com is your one source for the best computer and electronics deals anywhere, anytime.&quot;;&quot;www.tigerdirect.com&quot;;&quot;http://www.tigerdirect.com/applications/SearchTools/item-details.asp?EdpNo=1717285&Sku=A204-2003&quot;;NULL;NULL;NULL;NULL;NULL;NULL;NULL;&quot;1367298148&quot;;&quot;1367298148&quot;
&quot;23&quot;;&quot;4&quot;;NULL;&quot;New 2 Black White Leather Racing Seats Reclinable &quot;;&quot;NEW 2 BLACK WHITE LEATHER RACING SEATS RECLINABLE ALL HONDA in eBay Motors, Parts & Accessories, Car & Truck Parts | eBay&quot;;&quot;www.ebay.com&quot;;&quot;http://www.ebay.com/itm/NEW-2-BLACK-WHITE-LEATHER-RACING-SEATS-RECLINABLE-ALL-HONDA-/261203551919?pt=Motors_Car_Truck_Parts_Accessories&fits=Year%3A1988%7CMake%3AHonda%7CModel%3ACRX&hash=item3cd0f1e6af&vxp=mtr&quot;;NULL;NULL;NULL;NULL;NULL;NULL;NULL;&quot;1367309757&quot;;&quot;1367309757&quot;
&quot;24&quot;;&quot;5&quot;;NULL;&quot;Jack LaLanne Power Juicer: Get Fit & Great Value w&quot;;&quot;Jack LaLanne-Power Juicer Pro Electric Juicer-PJP-The Jack LaLanne Power Juicer Promotes Health and VitalityClad in sleek stainless steel, the Jack LaLanne Electric juicer is a striking addition to your countertop, but not just built for looks, it helps you unlock the health benefits of fresh squeezed juice. The perfect investment in vibrant health, this juicer delivers easy use, powerful extraction and a lifetime of solid service. No matter if you&#8217;re a morning, afternoon or evening juice lover, this powerful countertop machine will be ready to help you on the road to whole body well being. A great addition to full households, this juicer features whisper quiet operation that&#8217;s perfect for night owls and early risers alike. A great way to let the whole house rest or keep the conversation going while preparing a nutrient rich drink, the Jack LaLanne Power Juicer fits perfectly into your schedule without all the noise of other machines. Featuring an extra large round chute and smooth running induction motor, juice flows quickly from the Jack LaLanne electric juicer into your cup while the extra large pulp container lets you fit more apple, oranges, pears and veggies into each meal with less mess. Like having your very own juice bar at home, the Jack LaLanne Power Juicer turns raw ingredients into vitamin and mineral rich drinks that increase vitality in young and old alike. The perfect way to keep the whole family healthy, this juicer delivers a lifetime of fresh squeezed flavor and the energy to make the most out of every day. Add its sleek stainless steel body to your countertop today, and get great looks and health that will stick with you for a lifetime. &quot;;&quot;www.sears.com&quot;;&quot;http://www.sears.com/jack-lalanne-power-juicer-pro-electric-juicer/p-00885656000P?prdNo=4&blockNo=4&blockType=G4&quot;;NULL;NULL;NULL;NULL;NULL;NULL;NULL;&quot;1367340722&quot;;&quot;1367340722&quot;
&quot;25&quot;;&quot;5&quot;;NULL;&quot;Hewlett Packard 300G 6G SAS 10K rpm SFF Gen8 - Com&quot;;&quot;Hewlett Packard-300G 6G SAS 10K rpm SFF Gen8-65256421-HP 300GB 6G SAS 10K rpm SFF (2.5-inch) SC Enterprise 3yr Warranty Hard Drive (Gen8 ONLY)There are no returns on HP products. Normally a warranty is provided and the customer can call for technical support if needed.&quot;;&quot;www.sears.com&quot;;&quot;http://www.sears.com/hewlett-packard-300g-6g-sas-10k-rpm-sff/p-SPM6727263507?prdNo=15&blockNo=15&blockType=G15&PDP_REDIRECT=false&s_tnt=39869:4:0&quot;;NULL;NULL;NULL;NULL;NULL;NULL;NULL;&quot;1367342346&quot;;&quot;1367342346&quot;
&quot;26&quot;;&quot;5&quot;;NULL;&quot;Samsung 60" Class 1080p 240Hz Ultra Slim LED HDTV &quot;;&quot;Samsung-60" Class 1080p 240Hz Ultra Slim LED HDTV UN60F8000-UN60F8000BFXZA-Samsung UN60F8000 - 60" 8 Series 3D LED-backlit LCD TV - Smart TV - 1080p (FullHD) - local dimming&quot;;&quot;www.sears.com&quot;;&quot;http://www.sears.com/samsung-60inch-class-1080p-2040hz-ultra-slim-led/p-05771481000P?prdNo=5&blockNo=5&blockType=G5&quot;;NULL;NULL;NULL;NULL;NULL;NULL;NULL;&quot;1367354618&quot;;&quot;1367354618&quot;
&quot;27&quot;;&quot;5&quot;;NULL;&quot;Women's Flat Sandals Embellished: Get a Summer Glo&quot;;&quot;SM New York-Women's Sandal Zirconia - Silver-KLS-1412- Women's Flat Sandals Embellished With Silver Zirconia Shine Bright  The best way to get that sought-after luminous glow this season is with a pair of SMNY women's sandals, zirconia silver shining in the light. This fashion flat sandal features a manmade outsole with a half-inch, demi-wedge heel with a synthetic silver upper that wraps your ankle in beautiful rhinestone embellishments.  These women's flat sandals embellished with silver zirconia are thong-style, with a single strap attached to the top of the shoe. A zipper heel keeps your foot securely in the sandal and adds an attractive detail to these already chic shoes. Style up with a floral sundress for a fun and flirty look that takes you from day to night, or with skinny jeans and a tunic for a nice night in the summer air. Casual sandals have never been so versatile!&quot;;&quot;www.sears.com&quot;;&quot;http://www.sears.com/shc/s/p_10153_12605_054VA53936612P&quot;;NULL;NULL;NULL;NULL;NULL;NULL;NULL;&quot;1367359747&quot;;&quot;1367359747&quot;
&quot;28&quot;;&quot;5&quot;;NULL;&quot;Wall-Mount Outdoor Swivel Lampholder-LHS100Z at Th&quot;;&quot;The Wall-Mount Outdoor Swivel Lampholder is crafted with commercial-quality die-cast metal construction. It includes 75-watt halogen bulb and offers hassle-free installation. It mounts on a wall to illuminate yards and decks.at The Home Depot&quot;;&quot;homedepot.com&quot;;&quot;http://www.homedepot.com/p/Wall-Mount-Outdoor-Swivel-Lampholder-LHS100Z/202266478?N=bvme#.UYCP4CtAThI&quot;;NULL;NULL;NULL;NULL;NULL;NULL;NULL;&quot;1367380017&quot;;&quot;1367380017&quot;
&quot;29&quot;;&quot;5&quot;;NULL;&quot;Diamond Block Window Panel | west elm&quot;;&quot;Sheer delight. Hand-blocked with Khadi—a white paste traditionally used by Indian printing artisans in Jaipur—this white-on-white diamond pattern brings subtle style to classic, semi-sheer cotton curtains. • Hand blocked by Indian &quot;;&quot;www.westelm.com&quot;;&quot;http://www.westelm.com/products/diamond-block-window-panel-t324/?pkey=csheer-curtains&cm_src=sheer-curtains||NoFacet-_-NoFacet-_--_-&quot;;NULL;NULL;NULL;NULL;NULL;NULL;NULL;&quot;1367380187&quot;;&quot;1367380187&quot;
&quot;30&quot;;&quot;5&quot;;NULL;&quot;Nina Forever Ivory Satin - Zappos.com Free Shippin&quot;;&quot;Forever by Nina at Zappos.com - FREE Shipping. Read Nina Forever product reviews, or select the Nina Forever size, width, and color of the Nina Forever of your choice.
&quot;;&quot;www.zappos.com&quot;;&quot;http://www.zappos.com/nina-forever-ivory-satin&quot;;NULL;NULL;NULL;NULL;NULL;NULL;NULL;&quot;1367429051&quot;;&quot;1367429051&quot;
&quot;31&quot;;&quot;5&quot;;NULL;&quot;Roxy Kids Rio (Toddler/Youth) Hot Pink - Zappos.co&quot;;&quot;Rio (Toddler/Youth) by Roxy Kids at Zappos.com - FREE Shipping. Read Roxy Kids Rio (Toddler/Youth) product reviews, or select the Roxy Kids Rio (Toddler/Youth) size, width, and color of the Roxy Kids Rio (Toddler/Youth) of your choice.
&quot;;&quot;www.zappos.com&quot;;&quot;http://www.zappos.com/roxy-kids-rio-toddler-youth-hot-pink&quot;;NULL;NULL;NULL;NULL;NULL;NULL;NULL;&quot;1367507589&quot;;&quot;1367507589&quot;
&quot;32&quot;;&quot;5&quot;;NULL;&quot;Badgley Mischka Shoes, Abbie Evening Flat Sandals &quot;;&quot;Shop for Shop Designer Sandals online at Macys.com. Put some sparkle in your step with Badgley Mischka's Abbie evening flat sandals. &quot;;&quot;macys.com&quot;;&quot;http://www1.macys.com/shop/product/badgley-mischka-shoes-abbie-evening-flat-sandals?ID=833387&CategoryID=63216#fn=sp%3D1%26spc%3D256%26ruleId%3D52%26slotId%3D2&quot;;NULL;NULL;NULL;NULL;NULL;NULL;NULL;&quot;1367526094&quot;;&quot;1367526094&quot;
&quot;33&quot;;&quot;5&quot;;NULL;&quot;Britax Marathon 70-G3 Convertible Car Seat - Onyx&quot;;&quot;AlbeeBaby - for all your baby needs!  FREE SHIPPING available for Strollers, Car Seats, Highchairs, Baby Carriers, Bouncers, Toys, Activity Gyms, Potty Seats by Best Selling Brands like Britax, Baby Jogger, Baby Bjorn, Graco, Peg Perego, Safety First and more!
  Britax Marathon 70-G3 Convertible Car Seat - Onyx&quot;;&quot;www.albeebaby.com&quot;;&quot;http://www.albeebaby.com/britax-marathon-70-g3-convertible-car-seat-onyx.html?utm_source=googleproducts&utm_medium=cse&utm_campaign=googleproducts&utm_content=E9LJ51A&gclid=CKr2tbml-LYCFc0WMgodS08ASw&quot;;NULL;NULL;NULL;NULL;NULL;NULL;NULL;&quot;1367527738&quot;;&quot;1367527738&quot;
&quot;34&quot;;&quot;4&quot;;NULL;&quot;1P Universal JDM SP Black PVC Leather Car Racing B&quot;;&quot;1P UNIVERSAL JDM-SP BLACK PVC LEATHER CAR RACING BUCKET SEAT+SLIDER GMC HONDA in eBay Motors, Parts & Accessories, Car & Truck Parts | eBay&quot;;&quot;www.ebay.com&quot;;&quot;http://www.ebay.com/itm/1P-UNIVERSAL-JDM-SP-BLACK-PVC-LEATHER-CAR-RACING-BUCKET-SEAT-SLIDER-GMC-HONDA-/121103397031?pt=Motors_Car_Truck_Parts_Accessories&fits=Year%3A1988%7CMake%3AHonda%7CModel%3ACRX&hash=item1c325330a7&vxp=mtr&quot;;NULL;NULL;NULL;NULL;NULL;NULL;NULL;&quot;1367531621&quot;;&quot;1367531621&quot;
&quot;35&quot;;&quot;4&quot;;NULL;&quot;Universal SP Black PVC Leather Car Racing Bucket S&quot;;&quot;UNIVERSAL SP BLACK PVC LEATHER CAR RACING BUCKET SEATS W/SLIDER PAIR GMC HONDA in eBay Motors, Parts & Accessories, Car & Truck Parts | eBay&quot;;&quot;www.ebay.com&quot;;&quot;http://www.ebay.com/itm/UNIVERSAL-SP-BLACK-PVC-LEATHER-CAR-RACING-BUCKET-SEATS-W-SLIDER-PAIR-GMC-HONDA-/130899135933?rt=nc&_trksid=p2047675.m1851&_trkparms=aid%3D222002%26algo%3DSIC.FIT%26ao%3D1%26asc%3D163%26meid%3D7382443816859195549%26pid%3D100005%26prg%3D1088%26rk%3D2%26sd%3D121103397031%26&quot;;NULL;NULL;NULL;NULL;NULL;NULL;NULL;&quot;1367533368&quot;;&quot;1367533368&quot;
&quot;36&quot;;&quot;4&quot;;NULL;&quot;2 x Universal Black Red PVC Leather Racing Seats 4&quot;;&quot;2 X UNIVERSAL BLACK/RED PVC LEATHER RACING SEATS+4-PT WHITE CAMLOCK HARNESS BELT in eBay Motors, Parts & Accessories, Car & Truck Parts | eBay&quot;;&quot;www.ebay.com&quot;;&quot;http://www.ebay.com/itm/2-X-UNIVERSAL-BLACK-RED-PVC-LEATHER-RACING-SEATS-4-PT-WHITE-CAMLOCK-HARNESS-BELT-/190817526976?rt=nc&_trksid=p2047675.m1851&_trkparms=aid%3D222002%26algo%3DSIC.FIT%26ao%3D1%26asc%3D163%26meid%3D7418019092614909687%26pid%3D100005%26prg%3D1088%26rk%3D2%26sd%3D261203551919%26&quot;;NULL;NULL;NULL;NULL;NULL;NULL;NULL;&quot;1367664175&quot;;&quot;1367664175&quot;
&quot;37&quot;;&quot;4&quot;;NULL;&quot;2 x Universal Black Red PVC Leather Racing Seats 4&quot;;&quot;2 X UNIVERSAL BLACK/RED PVC LEATHER RACING SEATS+4-PT WHITE CAMLOCK HARNESS BELT in eBay Motors, Parts & Accessories, Car & Truck Parts | eBay&quot;;&quot;www.ebay.com&quot;;&quot;http://www.ebay.com/itm/2-X-UNIVERSAL-BLACK-RED-PVC-LEATHER-RACING-SEATS-4-PT-WHITE-CAMLOCK-HARNESS-BELT-/190817526976?rt=nc&_trksid=p2047675.m1851&_trkparms=aid%3D222002%26algo%3DSIC.FIT%26ao%3D1%26asc%3D163%26meid%3D7418019092614909687%26pid%3D100005%26prg%3D1088%26rk%3D2%26sd%3D261203551919%26&quot;;NULL;NULL;NULL;NULL;NULL;NULL;NULL;&quot;1367664285&quot;;&quot;1367664285&quot;
&quot;38&quot;;&quot;4&quot;;NULL;&quot;2 x Universal Black Red PVC Leather Racing Seats 4&quot;;&quot;2 X UNIVERSAL BLACK/RED PVC LEATHER RACING SEATS+4-PT WHITE CAMLOCK HARNESS BELT in eBay Motors, Parts & Accessories, Car & Truck Parts | eBay&quot;;&quot;www.ebay.com&quot;;&quot;http://www.ebay.com/itm/2-X-UNIVERSAL-BLACK-RED-PVC-LEATHER-RACING-SEATS-4-PT-WHITE-CAMLOCK-HARNESS-BELT-/190817526976?rt=nc&_trksid=p2047675.m1851&_trkparms=aid%3D222002%26algo%3DSIC.FIT%26ao%3D1%26asc%3D163%26meid%3D7418019092614909687%26pid%3D100005%26prg%3D1088%26rk%3D2%26sd%3D261203551919%26&quot;;NULL;NULL;NULL;NULL;NULL;NULL;NULL;&quot;1367664318&quot;;&quot;1367664318&quot;
&quot;39&quot;;&quot;4&quot;;NULL;&quot;2 x Universal Black Red PVC Leather Racing Seats 4&quot;;&quot;2 X UNIVERSAL BLACK/RED PVC LEATHER RACING SEATS+4-PT WHITE CAMLOCK HARNESS BELT in eBay Motors, Parts & Accessories, Car & Truck Parts | eBay&quot;;&quot;www.ebay.com&quot;;&quot;http://www.ebay.com/itm/2-X-UNIVERSAL-BLACK-RED-PVC-LEATHER-RACING-SEATS-4-PT-WHITE-CAMLOCK-HARNESS-BELT-/190817526976?rt=nc&_trksid=p2047675.m1851&_trkparms=aid%3D222002%26algo%3DSIC.FIT%26ao%3D1%26asc%3D163%26meid%3D7418019092614909687%26pid%3D100005%26prg%3D1088%26rk%3D2%26sd%3D261203551919%26&quot;;NULL;NULL;NULL;NULL;NULL;NULL;NULL;&quot;1367664385&quot;;&quot;1367664385&quot;
&quot;40&quot;;&quot;4&quot;;NULL;&quot;2 x Universal Black Red PVC Leather Racing Seats 4&quot;;&quot;2 X UNIVERSAL BLACK/RED PVC LEATHER RACING SEATS+4-PT WHITE CAMLOCK HARNESS BELT in eBay Motors, Parts & Accessories, Car & Truck Parts | eBay&quot;;&quot;www.ebay.com&quot;;&quot;http://www.ebay.com/itm/2-X-UNIVERSAL-BLACK-RED-PVC-LEATHER-RACING-SEATS-4-PT-WHITE-CAMLOCK-HARNESS-BELT-/190817526976?rt=nc&_trksid=p2047675.m1851&_trkparms=aid%3D222002%26algo%3DSIC.FIT%26ao%3D1%26asc%3D163%26meid%3D7418019092614909687%26pid%3D100005%26prg%3D1088%26rk%3D2%26sd%3D261203551919%26&quot;;NULL;NULL;NULL;NULL;NULL;NULL;NULL;&quot;1367664424&quot;;&quot;1367664424&quot;
&quot;41&quot;;&quot;4&quot;;NULL;&quot;2 x Universal Black Red PVC Leather Racing Seats 4&quot;;&quot;2 X UNIVERSAL BLACK/RED PVC LEATHER RACING SEATS+4-PT WHITE CAMLOCK HARNESS BELT in eBay Motors, Parts & Accessories, Car & Truck Parts | eBay&quot;;&quot;www.ebay.com&quot;;&quot;http://www.ebay.com/itm/2-X-UNIVERSAL-BLACK-RED-PVC-LEATHER-RACING-SEATS-4-PT-WHITE-CAMLOCK-HARNESS-BELT-/190817526976?rt=nc&_trksid=p2047675.m1851&_trkparms=aid%3D222002%26algo%3DSIC.FIT%26ao%3D1%26asc%3D163%26meid%3D7418019092614909687%26pid%3D100005%26prg%3D1088%26rk%3D2%26sd%3D261203551919%26&quot;;NULL;NULL;NULL;NULL;NULL;NULL;NULL;&quot;1367664741&quot;;&quot;1367664741&quot;
&quot;42&quot;;&quot;4&quot;;NULL;&quot;2 x Universal Black Red PVC Leather Racing Seats 4&quot;;&quot;2 X UNIVERSAL BLACK/RED PVC LEATHER RACING SEATS+4-PT WHITE CAMLOCK HARNESS BELT in eBay Motors, Parts & Accessories, Car & Truck Parts | eBay&quot;;&quot;www.ebay.com&quot;;&quot;http://www.ebay.com/itm/2-X-UNIVERSAL-BLACK-RED-PVC-LEATHER-RACING-SEATS-4-PT-WHITE-CAMLOCK-HARNESS-BELT-/190817526976?rt=nc&_trksid=p2047675.m1851&_trkparms=aid%3D222002%26algo%3DSIC.FIT%26ao%3D1%26asc%3D163%26meid%3D7418019092614909687%26pid%3D100005%26prg%3D1088%26rk%3D2%26sd%3D261203551919%26&quot;;NULL;NULL;NULL;NULL;NULL;NULL;NULL;&quot;1367664759&quot;;&quot;1367664759&quot;
&quot;43&quot;;&quot;4&quot;;NULL;&quot;2 x Universal Black Red PVC Leather Racing Seats 4&quot;;&quot;2 X UNIVERSAL BLACK/RED PVC LEATHER RACING SEATS+4-PT WHITE CAMLOCK HARNESS BELT in eBay Motors, Parts & Accessories, Car & Truck Parts | eBay&quot;;&quot;www.ebay.com&quot;;&quot;http://www.ebay.com/itm/2-X-UNIVERSAL-BLACK-RED-PVC-LEATHER-RACING-SEATS-4-PT-WHITE-CAMLOCK-HARNESS-BELT-/190817526976?rt=nc&_trksid=p2047675.m1851&_trkparms=aid%3D222002%26algo%3DSIC.FIT%26ao%3D1%26asc%3D163%26meid%3D7418019092614909687%26pid%3D100005%26prg%3D1088%26rk%3D2%26sd%3D261203551919%26&quot;;NULL;NULL;NULL;NULL;NULL;NULL;NULL;&quot;1367664838&quot;;&quot;1367664838&quot;
&quot;44&quot;;&quot;4&quot;;NULL;&quot;2 x Universal Black Red PVC Leather Racing Seats 4&quot;;&quot;2 X UNIVERSAL BLACK/RED PVC LEATHER RACING SEATS+4-PT WHITE CAMLOCK HARNESS BELT in eBay Motors, Parts & Accessories, Car & Truck Parts | eBay&quot;;&quot;www.ebay.com&quot;;&quot;http://www.ebay.com/itm/2-X-UNIVERSAL-BLACK-RED-PVC-LEATHER-RACING-SEATS-4-PT-WHITE-CAMLOCK-HARNESS-BELT-/190817526976?rt=nc&_trksid=p2047675.m1851&_trkparms=aid%3D222002%26algo%3DSIC.FIT%26ao%3D1%26asc%3D163%26meid%3D7418019092614909687%26pid%3D100005%26prg%3D1088%26rk%3D2%26sd%3D261203551919%26&quot;;NULL;NULL;NULL;NULL;NULL;NULL;NULL;&quot;1367664887&quot;;&quot;1367664887&quot;
&quot;45&quot;;&quot;4&quot;;NULL;&quot;2 x Universal Black Red PVC Leather Racing Seats 4&quot;;&quot;2 X UNIVERSAL BLACK/RED PVC LEATHER RACING SEATS+4-PT WHITE CAMLOCK HARNESS BELT in eBay Motors, Parts & Accessories, Car & Truck Parts | eBay&quot;;&quot;www.ebay.com&quot;;&quot;http://www.ebay.com/itm/2-X-UNIVERSAL-BLACK-RED-PVC-LEATHER-RACING-SEATS-4-PT-WHITE-CAMLOCK-HARNESS-BELT-/190817526976?rt=nc&_trksid=p2047675.m1851&_trkparms=aid%3D222002%26algo%3DSIC.FIT%26ao%3D1%26asc%3D163%26meid%3D7418019092614909687%26pid%3D100005%26prg%3D1088%26rk%3D2%26sd%3D261203551919%26&quot;;NULL;NULL;NULL;NULL;NULL;NULL;NULL;&quot;1367665262&quot;;&quot;1367665262&quot;
&quot;46&quot;;&quot;4&quot;;NULL;&quot;2 x Universal Black Red PVC Leather Racing Seats 4&quot;;&quot;2 X UNIVERSAL BLACK/RED PVC LEATHER RACING SEATS+4-PT WHITE CAMLOCK HARNESS BELT in eBay Motors, Parts & Accessories, Car & Truck Parts | eBay&quot;;&quot;www.ebay.com&quot;;&quot;http://www.ebay.com/itm/2-X-UNIVERSAL-BLACK-RED-PVC-LEATHER-RACING-SEATS-4-PT-WHITE-CAMLOCK-HARNESS-BELT-/190817526976?rt=nc&_trksid=p2047675.m1851&_trkparms=aid%3D222002%26algo%3DSIC.FIT%26ao%3D1%26asc%3D163%26meid%3D7418019092614909687%26pid%3D100005%26prg%3D1088%26rk%3D2%26sd%3D261203551919%26&quot;;NULL;NULL;NULL;NULL;NULL;NULL;NULL;&quot;1367665920&quot;;&quot;1367665920&quot;
&quot;47&quot;;&quot;4&quot;;NULL;&quot;2 x Universal Black Red PVC Leather Racing Seats 4&quot;;&quot;2 X UNIVERSAL BLACK/RED PVC LEATHER RACING SEATS+4-PT WHITE CAMLOCK HARNESS BELT in eBay Motors, Parts & Accessories, Car & Truck Parts | eBay&quot;;&quot;www.ebay.com&quot;;&quot;http://www.ebay.com/itm/2-X-UNIVERSAL-BLACK-RED-PVC-LEATHER-RACING-SEATS-4-PT-WHITE-CAMLOCK-HARNESS-BELT-/190817526976?rt=nc&_trksid=p2047675.m1851&_trkparms=aid%3D222002%26algo%3DSIC.FIT%26ao%3D1%26asc%3D163%26meid%3D7418019092614909687%26pid%3D100005%26prg%3D1088%26rk%3D2%26sd%3D261203551919%26&quot;;NULL;NULL;NULL;NULL;NULL;NULL;NULL;&quot;1367665974&quot;;&quot;1367665974&quot;
&quot;48&quot;;&quot;5&quot;;NULL;&quot;Eames Lounge and Ottoman - Lounge Chair - Herman M&quot;;;&quot;www.hermanmiller.com&quot;;&quot;http://www.hermanmiller.com/products/seating/lounge-seating/eames-lounge-chair-and-ottoman.html&quot;;NULL;NULL;NULL;NULL;NULL;NULL;NULL;&quot;1367686318&quot;;&quot;1367686318&quot;
&quot;49&quot;;&quot;5&quot;;NULL;&quot;Intex® Ultra Lounge Chair : Cabela's&quot;;;&quot;cabelas.com&quot;;&quot;http://www.cabelas.com/catalog/product.jsp?productId=1168160&productVariantId=3098572&WT.tsrc=CSE&WT.mc_id=GoogleProductAds&WT.z_mc_id1=03378169&rid=40&channel=GoogleBaseUSA&mr:trackingCode=65C59DC2-55D0-E111-8DC4-001B21631C34&mr:referralID=NA&mr:adType=pla&mr:ad=25988358071&mr:keyword=&mr:match=&mr:filter=52255417391&gclid=CJfNrLb0_LYCFQFp4Aodfl8AQw&quot;;NULL;NULL;NULL;NULL;NULL;NULL;NULL;&quot;1367686362&quot;;&quot;1367686362&quot;
&quot;50&quot;;&quot;5&quot;;NULL;&quot;Intex® Ultra Lounge Chair : Cabela's&quot;;;&quot;cabelas.com&quot;;&quot;http://www.cabelas.com/catalog/product.jsp?productId=1168160&productVariantId=3098572&WT.tsrc=CSE&WT.mc_id=GoogleProductAds&WT.z_mc_id1=03378169&rid=40&channel=GoogleBaseUSA&mr:trackingCode=65C59DC2-55D0-E111-8DC4-001B21631C34&mr:referralID=NA&mr:adType=pla&mr:ad=25988358071&mr:keyword=&mr:match=&mr:filter=52255417391&gclid=CJfNrLb0_LYCFQFp4Aodfl8AQw&quot;;NULL;NULL;NULL;NULL;NULL;NULL;NULL;&quot;1367686385&quot;;&quot;1367686385&quot;
&quot;51&quot;;&quot;5&quot;;NULL;&quot;Furnituremaxx Dual Reclining Chocolate Microfiber &quot;;&quot;Dual Reclining Chocolate Microfiber Living Room Reclining Sofa and Loveseat...&quot;;&quot;www.sears.com&quot;;&quot;http://www.sears.com/furnituremaxx-dual-reclining-chocolate-microfiber-living-room-reclining/p-SPM6944088607?prdNo=4&blockNo=4&blockType=G4&quot;;NULL;NULL;NULL;NULL;NULL;NULL;NULL;&quot;1367686507&quot;;&quot;1367686507&quot;
&quot;52&quot;;&quot;5&quot;;NULL;&quot;Furnituremaxx Dual Reclining Chocolate Microfiber &quot;;&quot;Dual Reclining Chocolate Microfiber Living Room Reclining Sofa and Loveseat...&quot;;&quot;www.sears.com&quot;;&quot;http://www.sears.com/furnituremaxx-dual-reclining-chocolate-microfiber-living-room-reclining/p-SPM6944088607?prdNo=4&blockNo=4&blockType=G4&quot;;NULL;NULL;NULL;NULL;NULL;NULL;NULL;&quot;1367686556&quot;;&quot;1367686556&quot;
&quot;53&quot;;&quot;5&quot;;NULL;&quot;Furnituremaxx Dual Reclining Chocolate Microfiber &quot;;&quot;Dual Reclining Chocolate Microfiber Living Room Reclining Sofa and Loveseat...&quot;;&quot;www.sears.com&quot;;&quot;http://www.sears.com/furnituremaxx-dual-reclining-chocolate-microfiber-living-room-reclining/p-SPM6944088607?prdNo=4&blockNo=4&blockType=G4&quot;;NULL;NULL;NULL;NULL;NULL;NULL;NULL;&quot;1367686582&quot;;&quot;1367686582&quot;
&quot;54&quot;;&quot;5&quot;;NULL;&quot;La-Z-Boy Cantina Reclina-Rocker COCOA - Furniture &quot;;&quot;La-Z-Boy-Cantina Reclina-Rocker COCOA-Bonded leather has never looked more inviting! Cantina's pillowtop flared arms welcome you into its stylish comfort. Take a rest on Cantina's soothing chaise seat and enjoy the comfortable split pillow back. Then, kick up your heels on Cantina's split footrest. Fashionable double stitching highlights the fine detailing on this recliner.&quot;;&quot;www.sears.com&quot;;&quot;http://www.sears.com/la-z-boy-cantina-reclina-rocker/p-02510004000P?prdNo=1&blockNo=1&blockType=G1&quot;;NULL;NULL;NULL;NULL;NULL;NULL;NULL;&quot;1367686813&quot;;&quot;1367686813&quot;
&quot;55&quot;;&quot;5&quot;;NULL;&quot;La-Z-Boy Cantina Reclina-Rocker COCOA - Furniture &quot;;&quot;La-Z-Boy-Cantina Reclina-Rocker COCOA-Bonded leather has never looked more inviting! Cantina's pillowtop flared arms welcome you into its stylish comfort. Take a rest on Cantina's soothing chaise seat and enjoy the comfortable split pillow back. Then, kick up your heels on Cantina's split footrest. Fashionable double stitching highlights the fine detailing on this recliner.&quot;;&quot;www.sears.com&quot;;&quot;http://www.sears.com/la-z-boy-cantina-reclina-rocker/p-02510004000P?prdNo=1&blockNo=1&blockType=G1&quot;;NULL;NULL;NULL;NULL;NULL;NULL;NULL;&quot;1367795868&quot;;&quot;1367795868&quot;
&quot;56&quot;;&quot;5&quot;;NULL;&quot;La-Z-Boy Cantina Reclina-Rocker COCOA - Furniture &quot;;&quot;La-Z-Boy-Cantina Reclina-Rocker COCOA-Bonded leather has never looked more inviting! Cantina's pillowtop flared arms welcome you into its stylish comfort. Take a rest on Cantina's soothing chaise seat and enjoy the comfortable split pillow back. Then, kick up your heels on Cantina's split footrest. Fashionable double stitching highlights the fine detailing on this recliner.&quot;;&quot;www.sears.com&quot;;&quot;http://www.sears.com/la-z-boy-cantina-reclina-rocker/p-02510004000P?prdNo=1&blockNo=1&blockType=G1&quot;;NULL;NULL;NULL;NULL;NULL;NULL;NULL;&quot;1367795897&quot;;&quot;1367795897&quot;
&quot;57&quot;;&quot;5&quot;;NULL;&quot;Nikon Coolpix P520 Black 18-megapixel Digital Came&quot;;&quot;Nikon-Coolpix P520 Black 18-megapixel Digital Camera-26397-1-Nikon Coolpix P520 Black 42x zoom power, professional&ndash;quality photos and videos, endless capabilities. For those seeking a comprehensive compact camera for zoom, image quality, versatility and technological innovation, look no further than the COOLPIX P520. Create pro&ndash;caliber photos and Full HD 1080p videos from mind&ndash;boggling distances, even in extremely low&ndash;light conditions. Track your travels and explore points of interest with built&ndash;in GPS. Take control of your vision with full P, S, A, M exposure modes. Add the optional WU&ndash;1a Wireless Mobile Adapter and share your shots in an instant, or control the camera with your compatible smartphone or tablet. From its superb 42x zoom NIKKOR glass lens and 18.1&ndash;megapixel low&ndash;light CMOS image sensor to its D&ndash;SLR&ndash;inspired design and 3.2&ndash;inch Vari&ndash;angle LCD, the COOLPIX P520 delivers the pinnacle of performance and zoom. Get close with the 42x optical zoom. Built&ndash;in GPS with Points of Interest. Lens&ndash;shift Vibration Reduction keeps shots steady. Up to 7 continuous shots per second.&quot;;&quot;www.sears.com&quot;;&quot;http://www.sears.com/nikon-coolpix-p520-black-18-megapixel-digital-camera/p-SPM7649483102?prdNo=2&blockNo=2&blockType=G2&PDP_REDIRECT=false&s_tnt=39869:4:0&quot;;NULL;NULL;NULL;NULL;NULL;NULL;NULL;&quot;1367796012&quot;;&quot;1367796012&quot;
&quot;58&quot;;&quot;5&quot;;NULL;&quot;Nikon Coolpix P520 Black 18-megapixel Digital Came&quot;;&quot;Nikon-Coolpix P520 Black 18-megapixel Digital Camera-26397-1-Nikon Coolpix P520 Black 42x zoom power, professional&ndash;quality photos and videos, endless capabilities. For those seeking a comprehensive compact camera for zoom, image quality, versatility and technological innovation, look no further than the COOLPIX P520. Create pro&ndash;caliber photos and Full HD 1080p videos from mind&ndash;boggling distances, even in extremely low&ndash;light conditions. Track your travels and explore points of interest with built&ndash;in GPS. Take control of your vision with full P, S, A, M exposure modes. Add the optional WU&ndash;1a Wireless Mobile Adapter and share your shots in an instant, or control the camera with your compatible smartphone or tablet. From its superb 42x zoom NIKKOR glass lens and 18.1&ndash;megapixel low&ndash;light CMOS image sensor to its D&ndash;SLR&ndash;inspired design and 3.2&ndash;inch Vari&ndash;angle LCD, the COOLPIX P520 delivers the pinnacle of performance and zoom. Get close with the 42x optical zoom. Built&ndash;in GPS with Points of Interest. Lens&ndash;shift Vibration Reduction keeps shots steady. Up to 7 continuous shots per second.&quot;;&quot;www.sears.com&quot;;&quot;http://www.sears.com/nikon-coolpix-p520-black-18-megapixel-digital-camera/p-SPM7649483102?prdNo=2&blockNo=2&blockType=G2&PDP_REDIRECT=false&s_tnt=39869:4:0&quot;;NULL;NULL;NULL;NULL;NULL;NULL;NULL;&quot;1367796170&quot;;&quot;1367796170&quot;
&quot;59&quot;;&quot;5&quot;;NULL;&quot;Keurig B70 Platinum Coffee Maker - Appliances - Sm&quot;;&quot;Keurig-B70 Platinum Coffee Maker-112278-Four Brew Size Choices Programmable LCD Message Center Removable 60oz. Water Reservoir Removable Drip Tray Blue Backlit LCD & Water Reservoir Chrome Accents Our Quietest Brewer Ever - Quiet BrewTM Technology Specifications: Dimensions:13"H 10"W 13.25"D Power:1500 watts Voltage:120VAC/60HZ UL and c-UL approved for Household use only &quot;;&quot;www.sears.com&quot;;&quot;http://www.sears.com/keurig-platinum-b70-brewer/p-00808319000P?prdNo=2&blockNo=2&blockType=G2&quot;;NULL;NULL;NULL;NULL;NULL;NULL;NULL;&quot;1367873015&quot;;&quot;1367873015&quot;
&quot;60&quot;;&quot;5&quot;;NULL;&quot;Keurig B70 Platinum Coffee Maker - Appliances - Sm&quot;;&quot;Keurig-B70 Platinum Coffee Maker-112278-Four Brew Size Choices Programmable LCD Message Center Removable 60oz. Water Reservoir Removable Drip Tray Blue Backlit LCD & Water Reservoir Chrome Accents Our Quietest Brewer Ever - Quiet BrewTM Technology Specifications: Dimensions:13"H 10"W 13.25"D Power:1500 watts Voltage:120VAC/60HZ UL and c-UL approved for Household use only &quot;;&quot;www.sears.com&quot;;&quot;http://www.sears.com/keurig-platinum-b70-brewer/p-00808319000P?prdNo=2&blockNo=2&blockType=G2&quot;;NULL;NULL;NULL;NULL;NULL;NULL;NULL;&quot;1367873037&quot;;&quot;1367873037&quot;
&quot;61&quot;;&quot;5&quot;;NULL;&quot;Timberland Earthkeepers® Hookset Handcrafted Slip-&quot;;&quot;Earthkeepers® Hookset Handcrafted Slip-On by Timberland at Zappos.com - FREE Shipping. Read Timberland Earthkeepers® Hookset Handcrafted Slip-On product reviews, or select the Timberland Earthkeepers® Hookset Handcrafted Slip-On size, width, and color of the Timberland Earthkeepers® Hookset Handcrafted Slip-On of your choice.
&quot;;&quot;www.zappos.com&quot;;&quot;http://www.zappos.com/timberland-earthkeepers-hookset-handcrafted-slip-on-washed-grey-canvas&quot;;NULL;NULL;NULL;NULL;NULL;NULL;NULL;&quot;1367881763&quot;;&quot;1367881763&quot;
&quot;62&quot;;&quot;4&quot;;NULL;&quot;Pair Black Leather Reclinable Type R Racing Seat S&quot;;&quot;PAIR BLACK LEATHER RECLINABLE TYPE-R RACING SEAT+SLIDER+WHITE 4-PT CAMLOCK BELT in eBay Motors, Parts & Accessories, Car & Truck Parts | eBay&quot;;&quot;www.ebay.com&quot;;&quot;http://www.ebay.com/itm/PAIR-BLACK-LEATHER-RECLINABLE-TYPE-R-RACING-SEAT-SLIDER-WHITE-4-PT-CAMLOCK-BELT-/390579115819?rt=nc&_trksid=p2047675.m1851&_trkparms=aid%3D222002%26algo%3DSIC.FIT%26ao%3D1%26asc%3D261%26meid%3D7500603118247135806%26pid%3D100005%26prg%3D1088%26rk%3D4%26sd%3D261203551919%26&quot;;NULL;NULL;NULL;NULL;NULL;NULL;NULL;&quot;1367972895&quot;;&quot;1367972895&quot;
&quot;63&quot;;&quot;5&quot;;NULL;&quot;Blowfish Nice Black Strike PU - Zappos.com Free Sh&quot;;&quot;Nice by Blowfish at Zappos.com - FREE Shipping. Read Blowfish Nice product reviews, or select the Blowfish Nice size, width, and color of the Blowfish Nice of your choice.
&quot;;&quot;www.zappos.com&quot;;&quot;http://www.zappos.com/blowfish-nice-black-strike-pu&quot;;NULL;NULL;NULL;NULL;NULL;NULL;NULL;&quot;1368018992&quot;;&quot;1368018992&quot;
&quot;64&quot;;&quot;5&quot;;NULL;NULL;NULL;&quot;www.zappos.com&quot;;&quot;http://www.zappos.com/product/7402860/color/2537&quot;;NULL;NULL;NULL;NULL;NULL;NULL;NULL;&quot;1368212960&quot;;&quot;1368212960&quot;
&quot;65&quot;;&quot;5&quot;;NULL;NULL;NULL;&quot;aldoshoes.com&quot;;&quot;http://www.aldoshoes.com/us/men/mr-bs/shoes/93976044-gurcanti/36&quot;;NULL;NULL;NULL;NULL;NULL;NULL;NULL;&quot;1368223227&quot;;&quot;1368223227&quot;
&quot;66&quot;;&quot;5&quot;;NULL;NULL;NULL;&quot;target.com&quot;;&quot;http://www.target.com/p/gmc-men-s-denali-19-road-bike-gold/-/A-12736397?ref=tgt_adv_XSG10001&AFID=Google_PLA_df&LNM=%7C12736397&CPNG=Sports&kpid=12736397&LID=PA&ci_src=17588969&ci_sku=12736397&quot;;NULL;NULL;NULL;NULL;NULL;NULL;NULL;&quot;1368234459&quot;;&quot;1368234459&quot;
&quot;67&quot;;&quot;5&quot;;NULL;NULL;NULL;&quot;target.com&quot;;&quot;http://www.target.com/p/gmc-men-s-denali-19-road-bike-gold/-/A-12736397?ref=tgt_adv_XSG10001&AFID=Google_PLA_df&LNM=%7C12736397&CPNG=Sports&kpid=12736397&LID=PA&ci_src=17588969&ci_sku=12736397&quot;;NULL;NULL;NULL;NULL;NULL;NULL;NULL;&quot;1368287618&quot;;&quot;1368287618&quot;
&quot;68&quot;;&quot;5&quot;;NULL;NULL;NULL;&quot;www.target.com&quot;;&quot;http://www.target.com/sb/girls-may-must-haves-baby-ways-to-shop/-/N-55njp#?lnk=L1L2_BYGClth_0505_HERO|HERO&intc=1055572|null&quot;;NULL;NULL;NULL;NULL;NULL;NULL;NULL;&quot;1368378473&quot;;&quot;1368378473&quot;
&quot;21&quot;;&quot;45&quot;;&quot;http://i.ebayimg.com/t/2-X-UNIVERSAL-BLACK-RED-PVC-LEATHER-RACING-SEATS-4-PT-WHITE-CAMLOCK-HARNESS-BELT-/00/s/NzAwWDcwMA==/z/5m0AAMXQMmJRU3Kj/$T2eC16d,!y0E9s2S7)SLBRU3KjjLg!~~60_12.JPG&quot;;&quot;41a5e54f547d1c546f0bfafa013b9635.jpg&quot;;&quot;41a5e54f547d1c546f0bfafa013b9635_thumb.jpg&quot;;&quot;1367665262&quot;;&quot;1367665262&quot;
&quot;22&quot;;&quot;47&quot;;&quot;http://i.ebayimg.com/t/2-X-UNIVERSAL-BLACK-RED-PVC-LEATHER-RACING-SEATS-4-PT-WHITE-CAMLOCK-HARNESS-BELT-/00/s/NzAwWDcwMA==/z/5m0AAMXQMmJRU3Kj/$T2eC16d,!y0E9s2S7)SLBRU3KjjLg!~~60_12.JPG&quot;;&quot;b1d4226b02cc4d135a781bab10ee6d9e.jpg&quot;;&quot;b1d4226b02cc4d135a781bab10ee6d9e_thumb.jpg&quot;;&quot;1367665975&quot;;&quot;1367665975&quot;
&quot;23&quot;;&quot;48&quot;;&quot;http://www.hermanmiller.com/content/dam/hermanmiller/page_assets/products/Eames_Lounge_Chair_and_Ottoman/hero_eames_lounge_2.jpg&quot;;&quot;121ec10c517692b41fbf8f4281f06a25.jpg&quot;;&quot;121ec10c517692b41fbf8f4281f06a25_thumb.jpg&quot;;&quot;1367686319&quot;;&quot;1367686319&quot;
&quot;24&quot;;&quot;61&quot;;&quot;http://l3.zassets.com/images/z/2/1/4/9/1/9/2149190-p-MULTIVIEW.jpg&quot;;&quot;a281308f8dd4d4d9a44ae681dca4ff85.jpg&quot;;&quot;a281308f8dd4d4d9a44ae681dca4ff85_thumb.jpg&quot;;&quot;1367881763&quot;;&quot;1367881763&quot;
&quot;25&quot;;&quot;62&quot;;&quot;http://i.ebayimg.com/t/PAIR-BLACK-LEATHER-RECLINABLE-TYPE-R-RACING-SEAT-SLIDER-WHITE-4-PT-CAMLOCK-BELT-/00/s/NzAwWDcwMA==/z/WyAAAOxyOM5Rbi0K/$T2eC16Z,!)8E9s4l8!0IBRbi0KQTHw~~60_3.JPG&quot;;&quot;ea64e92e08d6242b1ad42d6af71f225b.jpg&quot;;&quot;ea64e92e08d6242b1ad42d6af71f225b_thumb.jpg&quot;;&quot;1367972895&quot;;&quot;1367972895&quot;
&quot;26&quot;;&quot;63&quot;;&quot;http://l3.zassets.com/images/z/1/3/2/6/6/1/1326618-p-MULTIVIEW.jpg&quot;;&quot;0d12caafc8b2b46fb30b91dd08f02304.jpg&quot;;&quot;0d12caafc8b2b46fb30b91dd08f02304_thumb.jpg&quot;;&quot;1368018992&quot;;&quot;1368018992&quot;
&quot;27&quot;;&quot;64&quot;;&quot;http://a1.zassets.com/images/z/2/1/8/6/2/8/2186284-p-MULTIVIEW.jpg&quot;;&quot;79d820725b45a8514ea95a42a501eb67.jpg&quot;;&quot;79d820725b45a8514ea95a42a501eb67_thumb.jpg&quot;;&quot;1368212961&quot;;&quot;1368212961&quot;
&quot;28&quot;;&quot;65&quot;;&quot;http://www.aldoshoes.com/static/webUpload/731/26_gurcanti_36_7.jpg&quot;;&quot;a75a80f8bf41cf0b185d9690ce427a02.jpg&quot;;&quot;a75a80f8bf41cf0b185d9690ce427a02_thumb.jpg&quot;;&quot;1368223228&quot;;&quot;1368223228&quot;
&quot;29&quot;;&quot;66&quot;;&quot;http://img3.targetimg3.com/wcsstore/TargetSAS//img/p/12/73/12736397.jpg&quot;;&quot;e15d9c10b32c45b8cb2c18d15be964f0.jpg&quot;;&quot;e15d9c10b32c45b8cb2c18d15be964f0_thumb.jpg&quot;;&quot;1368234460&quot;;&quot;1368234460&quot;
&quot;30&quot;;&quot;67&quot;;&quot;http://img3.targetimg3.com/wcsstore/TargetSAS//img/p/12/73/12736397.jpg&quot;;&quot;f80edd004a779f0d3b7132de2cab2b01.jpg&quot;;&quot;f80edd004a779f0d3b7132de2cab2b01_thumb.jpg&quot;;&quot;1368287619&quot;;&quot;1368287619&quot;
&quot;31&quot;;&quot;68&quot;;&quot;http://img1.targetimg1.com/wcsstore/TargetSAS//img/p/14/35/14359464_130306161954_265x265_pad.jpg&quot;;&quot;64685ee44dbbcf39bedc74ab2d0efbcf.jpg&quot;;&quot;64685ee44dbbcf39bedc74ab2d0efbcf_thumb.jpg&quot;;&quot;1368378473&quot;;&quot;1368378473&quot;
&quot;2&quot;;NULL;&quot;YM4CunAB+CjTZkqnaTYCFYw15oLERz/hFzl3HmPD1a4=&quot;;NULL;&quot;me@christianbundy.com&quot;;&quot;Christian Bundy&quot;;&quot;Christian&quot;;&quot;Bundy&quot;;&quot;1368481132&quot;;&quot;8d8ae80580a07004bcc0b1a84c6ecd7d30f82bce&quot;;NULL;&quot;1365019579&quot;;&quot;1365019579&quot;
&quot;3&quot;;NULL;&quot;HAy+KYPo2pyBc6akB9ltpTIdr8lCt0dj+4Ducrgbqqc=&quot;;NULL;&quot;kyle@itemnation.com&quot;;&quot;Kyle Joseph&quot;;&quot;Kyle&quot;;&quot;Joseph&quot;;&quot;1365547660&quot;;&quot;4b3e6e52898fc9e93ff375c18f9f780a11073c6a&quot;;NULL;&quot;1365547660&quot;;&quot;1365547660&quot;
&quot;4&quot;;NULL;;NULL;&quot;tmatthewsdev@gmail.com&quot;;&quot;Tyler Matthews&quot;;&quot;Tyler&quot;;&quot;Matthews&quot;;&quot;1368431610&quot;;&quot;f99692425727e5c17e9508e49f0d85e004719c16&quot;;NULL;&quot;1366238357&quot;;&quot;1366238357&quot;
&quot;5&quot;;NULL;;NULL;&quot;bukjoseph@gmail.com&quot;;&quot;Kyle Joseph&quot;;&quot;Kyle&quot;;&quot;Joseph&quot;;&quot;1368486602&quot;;&quot;ebeecf8599f8197fa4dfd84d40a2773a3ea8b9c1&quot;;NULL;&quot;1366238442&quot;;&quot;1366238442&quot;
&quot;6&quot;;NULL;&quot;DuoswgUMsGDp0YGK4Gf0q3oJLaYjVpO6Y3J3DHb9MEE=&quot;;NULL;&quot;dinkoamg@gmail.com&quot;;NULL;NULL;NULL;&quot;1366689740&quot;;&quot;aa3dc9acad53849d762a5d01ae027afdd9dea446&quot;;NULL;&quot;1366689740&quot;;&quot;1366689740&quot;
&quot;7&quot;;NULL;&quot;DuoswgUMsGDp0YGK4Gf0q3oJLaYjVpO6Y3J3DHb9MEE=&quot;;NULL;&quot;dinko3@email.com&quot;;NULL;NULL;NULL;&quot;1368418584&quot;;&quot;7f6ee8775a89849f584da1f741432948e3eb876f&quot;;NULL;&quot;1367288949&quot;;&quot;1367288949&quot;
&quot;8&quot;;NULL;&quot;Ym5yc4DuHbxrkrXxh4RFgHxlyc/+QEG/SxYdPYdEZ1o=&quot;;NULL;&quot;info@itemnation.com&quot;;&quot;Kyle Joseph&quot;;NULL;NULL;&quot;1368487194&quot;;&quot;35a66cfbd0f905977ec29690848ac0eddc3b781e&quot;;NULL;&quot;1368468288&quot;;&quot;1368468331&quot;
&quot;3&quot;;&quot;4&quot;;&quot;facebook&quot;;&quot;681121001&quot;;&quot;tmatthewsdev@gmail.com&quot;;&quot;Tyler Matthews&quot;;NULL;NULL;&quot;http://www.facebook.com/tyler.matthews.376&quot;;;&quot;1366238357&quot;;&quot;1366238357&quot;
&quot;4&quot;;&quot;5&quot;;&quot;facebook&quot;;&quot;1209866301&quot;;&quot;bukjoseph@gmail.com&quot;;&quot;Kyle Joseph&quot;;NULL;NULL;&quot;http://www.facebook.com/bukjoseph&quot;;;&quot;1366238442&quot;;&quot;1366238442&quot;
